{"name":"738f6065-8067-40db-82b6-04645aed7a3d","id":"/providers/Microsoft.Flow/flows/738f6065-8067-40db-82b6-04645aed7a3d","type":"Microsoft.Flow/flows","properties":{"apiId":"/providers/Microsoft.PowerApps/apis/shared_logicflows","displayName":"Microsoft Teams - Message Center (v1.0) - External","definition":{"metadata":{"workflowEntityId":null,"processAdvisorMetadata":null,"flowclientsuspensionreason":"BillingConsumption","flowclientsuspensiontime":"2021-06-23T19:47:12.0088571Z","creator":{"id":"48acebea-d4a2-4d38-893e-b2e543ebec4b","type":"User","tenantId":"b69556a7-a6a2-43ef-a377-205c1627fc77"},"provisioningMethod":"FromDefinition","failureAlertSubscription":true,"clientLastModifiedTime":"2021-06-23T19:47:12.0088571Z"},"$schema":"https://schema.management.azure.com/providers/Microsoft.Logic/schemas/2016-06-01/workflowdefinition.json#","contentVersion":"1.0.0.0","parameters":{"$connections":{"defaultValue":{},"type":"Object"},"$authentication":{"defaultValue":{},"type":"SecureObject"}},"triggers":{"Recurrence":{"recurrence":{"frequency":"Hour","interval":1,"timeZone":"Eastern Standard Time"},"type":"Recurrence","runtimeConfiguration":{"concurrency":{"runs":1}}}},"actions":{"ConnectionURI":{"runAfter":{"Get_past_time":["Succeeded"]},"type":"Compose","inputs":"Copy Paste Teams Incoming Webhook"},"Get_past_time":{"runAfter":{},"type":"Expression","kind":"GetPastTime","inputs":{"interval":1,"timeUnit":"Hour"}},"ForEachMessage":{"foreach":"@body('ParseJSONMessageCenter')?['value']","actions":{"CheckIfMessageCenter":{"actions":{"CheckIfMicrosoftTeams":{"actions":{"CreateMessageCenterTeamsPosts":{"actions":{"AffectedWorkloadNames":{"runAfter":{},"type":"Compose","inputs":"@items('ForEachMessage')?['AffectedWorkloadNames']"},"AffectedWorkloadDisplayNames":{"runAfter":{"AffectedWorkloadNames":["Succeeded"]},"type":"Compose","inputs":"@items('ForEachMessage')?['AffectedWorkloadDisplayNames']"},"Messages":{"runAfter":{"AffectedWorkloadDisplayNames":["Succeeded"]},"type":"Compose","inputs":"@items('ForEachMessage')?['Messages']"},"Set_MessageCenterTextMessageCenter":{"runAfter":{"Messages":["Succeeded"]},"type":"SetVariable","inputs":{"name":"MessageCenterText","value":"@{outputs('Messages')}"}},"MessageActionType":{"actions":{"SetActivityImageUrlMessageCenterAwareness":{"runAfter":{"SetThemeMessageCenterAwareness":["Succeeded"]},"type":"SetVariable","inputs":{"name":"ActivityImageUrl","value":"https://www.freeiconspng.com/uploads/information-icon-ual-blue-hq-vers-1-062311-png-10.png"}},"SetThemeMessageCenterAwareness":{"runAfter":{},"type":"SetVariable","inputs":{"name":"Theme","value":"51bde4"}}},"runAfter":{"Set_MessageCenterTextMessageCenter":["Succeeded"]},"else":{"actions":{"SetActivityImageUrlMessageCenterAction":{"runAfter":{"SetThemeMessageCenterAction":["Succeeded"]},"type":"SetVariable","inputs":{"name":"ActivityImageUrl","value":"https://www.freeiconspng.com/uploads/alert-icon--office-iconset--custom-icon-design-13.png"}},"SetThemeMessageCenterAction":{"runAfter":{},"type":"SetVariable","inputs":{"name":"Theme","value":"fed700"}}}},"expression":"@equals(items('ForEachMessage')['ActionType'], 'Awareness')","type":"If"},"IsActionRequiredByDate":{"actions":{"ConvertActionRequiredByDate":{"runAfter":{},"type":"Expression","kind":"ConvertTimeZone","inputs":{"baseTime":"@{items('ForEachMessage')?['ActionRequiredByDate']}","formatString":"f","sourceTimeZone":"UTC","destinationTimeZone":"Eastern Standard Time"}}},"runAfter":{"MessageActionType":["Succeeded"]},"expression":"@not(equals(items('ForEachMessage')?['ActionRequiredByDate'], null))","type":"If"},"ConvertLastUpdated":{"runAfter":{"IsMajorUpdate":["Succeeded"]},"type":"Expression","kind":"ConvertTimeZone","inputs":{"baseTime":"@items('ForEachMessage')?['LastUpdatedTime']","formatString":"f","sourceTimeZone":"UTC","destinationTimeZone":"Eastern Standard Time"}},"ConvertStartTime":{"runAfter":{"ConvertLastUpdated":["Succeeded"]},"type":"Expression","kind":"ConvertTimeZone","inputs":{"baseTime":"@{items('ForEachMessage')?['StartTime']}","formatString":"f","sourceTimeZone":"UTC","destinationTimeZone":"Eastern Standard Time"}},"ConvertEndTime":{"runAfter":{"ConvertStartTime":["Succeeded"]},"type":"Expression","kind":"ConvertTimeZone","inputs":{"baseTime":"@{items('ForEachMessage')?['EndTime']}","formatString":"f","sourceTimeZone":"UTC","destinationTimeZone":"Eastern Standard Time"}},"Parse_JSON_MessageCenterText":{"runAfter":{"ConvertEndTime":["Succeeded","Failed"]},"type":"ParseJson","inputs":{"content":"@variables('MessageCenterText')","schema":{"type":"array","items":{"type":"object","properties":{"MessageText":{"type":"string"},"PublishedTime":{"type":"string"}},"required":["MessageText","PublishedTime"]}}}},"ConvertMessageTextTimeEST":{"runAfter":{"Parse_JSON_MessageCenterText":["Succeeded"]},"type":"Select","inputs":{"from":"@body('Parse_JSON_MessageCenterText')","select":{"":"@item()['MessageText']"}}},"CreateHTMLMessagesText":{"runAfter":{"ConvertMessageTextTimeEST":["Succeeded"]},"type":"Table","inputs":{"from":"@body('ConvertMessageTextTimeEST')","format":"HTML"}},"FormatHTMLMessagesText":{"runAfter":{"CreateHTMLMessagesText":["Succeeded"]},"type":"Compose","inputs":"@replace(body('CreateHTMLMessagesText'),'<table>','<table  cellspacing=\"10px\" cellpadding=\"10px\" style=\"font-size:12px;padding:5px\" border=\"1\"><colgroup><col width =\"85%\"></colgroup>')"},"Set_ActivityTextMessageCenter":{"runAfter":{"HTML-Text":["Succeeded"]},"type":"SetVariable","inputs":{"name":"ActivityText","value":"@body('HTML-Text')"}},"HTTP":{"runAfter":{"Set_ActivityTextMessageCenter":["Succeeded"]},"type":"Http","inputs":{"method":"POST","uri":"@{outputs('ConnectionURI')}","body":{"@@type":"MessageCard","@@Context":"http://schema.org/extensions","themeColor":"@{variables('Theme')}","summary":"Office 365 Admin Update","title":"<strong></strong>","sections":[{"startGroup":true,"Title":"@{variables('MessageCardTitle')}","activityTitle":"<strong>@{items('ForEachMessage')?['Id']}</strong>  - @{items('ForEachMessage')['Title']} ","activitySubtitle":"<strong>@{outputs('AffectedWorkloadDisplayNames')}</strong>  -  @{items('ForEachMessage')?['Severity']} - @{body('ConvertLastUpdated')}","activityText":" [@{items('ForEachMessage')?['ExternalLink']}](@{items('ForEachMessage')?['ExternalLink']})","activityImage":"@{variables('ActivityImageUrl')}","facts":[{"name":"Start Time:","value":"@{body('ConvertStartTime')}"},{"name":"End Time:","value":"@{body('ConvertEndTime')}"}]},{"startGroup":true,"text":"@{variables('ActivityText')}<small>"}]}}},"HTML-Text":{"runAfter":{"FormatHTMLMessagesText":["Succeeded"]},"metadata":{"flowSystemMetadata":{"swaggerOperationId":"HtmlToText"}},"type":"ApiConnection","inputs":{"host":{"connection":{"name":"@parameters('$connections')['shared_conversionservice']['connectionId']"},"api":{"runtimeUrl":"https://canada-001.azure-apim.net/apim/conversionservice"}},"method":"post","body":"<p>@{outputs('FormatHTMLMessagesText')}</p>","path":"/html2text","authentication":"@parameters('$authentication')"}},"IsMajorUpdate":{"actions":{"SetMessageCardTitleMessageCenterMajorTrue":{"runAfter":{},"type":"SetVariable","inputs":{"name":"MessageCardTitle","value":"<strong>@{items('ForEachMessage')?['MessageType']}: </strong>@{items('ForEachMessage')?['Category']} - @{items('ForEachMessage')?['Classification']} / @{items('ForEachMessage')?['ActionType']}  @{body('ConvertActionRequiredByDate')} - <strong>Major Update</strong>"}},"SetThemeMessageCenterAction_2":{"runAfter":{"SetMessageCardTitleMessageCenterMajorTrue":["Succeeded"]},"type":"SetVariable","inputs":{"name":"Theme","value":"d42229"}},"SetActivityImageUrlMessageCenterAction_2":{"runAfter":{"SetThemeMessageCenterAction_2":["Succeeded"]},"type":"SetVariable","inputs":{"name":"ActivityImageUrl","value":"http://files.softicons.com/download/application-icons/mono-reflection-red-icons-by-double-j-design/png/64/exclamation-circle-frame.png"}}},"runAfter":{"IsActionRequiredByDate":["Succeeded"]},"else":{"actions":{"SetMessageCardTitleMessageCenterMajorFalse":{"runAfter":{},"type":"SetVariable","inputs":{"name":"MessageCardTitle","value":"<strong>@{items('ForEachMessage')?['MessageType']}: </strong>@{items('ForEachMessage')?['Category']} - @{items('ForEachMessage')?['Classification']} / @{items('ForEachMessage')?['ActionType']}  @{body('ConvertActionRequiredByDate')}"}}}},"expression":"@equals(items('ForEachMessage')['IsMajorChange'], True)","type":"If"}},"runAfter":{},"type":"Scope"}},"runAfter":{},"expression":{"contains":["@items('ForEachMessage')?['AffectedWorkloadDisplayNames']","Microsoft Teams"]},"type":"If"}},"runAfter":{},"expression":"@equals(items('ForEachMessage')?['MessageType'], 'MessageCenter')","type":"If"}},"runAfter":{"Office365ServiceCommunicationsAPI":["Succeeded"]},"type":"Foreach"},"Office365ServiceCommunicationsAPI":{"actions":{"HTTPGetMessageTypeMessageCenter":{"runAfter":{},"type":"Http","inputs":{"method":"GET","uri":"https://manage.office.com/api/v1.0/@{variables('Tenant-ID')}/ServiceComms/Messages?$filter=StartTime%20ge%20@{body('Get_past_time')}","authentication":{"type":"ActiveDirectoryOAuth","tenant":"@variables('Tenant-ID')","audience":"https://manage.office.com","clientId":"@variables('Client-ID')","secret":"@variables('Client-Secret')"}}},"ParseJSONMessageCenter":{"runAfter":{"HTTPGetMessageTypeMessageCenter":["Succeeded"]},"type":"ParseJson","inputs":{"content":"@body('HTTPGetMessageTypeMessageCenter')","schema":{"type":"object","properties":{"@@odata.context":{"type":"string"},"value":{"type":"array","items":{"type":"object","properties":{"@@odata.type":{"type":["string","null"]},"AffectedWorkloadDisplayNames":{"type":"array"},"AffectedWorkloadNames":{"type":"array"},"Status":{"type":"string"},"Workload":{},"WorkloadDisplayName":{},"ActionType":{"type":["string","null"]},"AffectedTenantCount":{"type":"integer"},"AffectedUserCount":{},"Classification":{"type":"string"},"EndTime":{"type":["string","null"]},"Feature":{},"FeatureDisplayName":{},"Id":{"type":"string"},"ImpactDescription":{},"LastUpdatedTime":{"type":"string"},"MessageType":{"type":"string"},"Messages":{"type":"array","items":{"type":"object","properties":{"MessageText":{"type":"string"},"PublishedTime":{"type":"string"}},"required":["MessageText","PublishedTime"]}},"PostIncidentDocumentUrl":{},"Severity":{"type":["string","null"]},"StartTime":{"type":["string","null"]},"Title":{"type":["string","null"]},"ActionRequiredByDate":{},"AnnouncementId":{"type":"integer"},"Category":{"type":["string","null"]},"ExternalLink":{"type":["string","null"]},"IsDismissed":{"type":["boolean","null"]},"IsRead":{"type":["boolean","null"]},"IsMajorChange":{"type":["boolean","null"]},"PreviewDuration":{},"AppliesTo":{},"MilestoneDate":{"type":["string","null"]},"Milestone":{"type":["string","null"]},"BlogLink":{"type":["string","null"]},"HelpLink":{"type":["string","null"]},"FlightName":{},"FeatureName":{}},"required":["Id"]}}}}}}},"runAfter":{"Initialize_Client-Secret":["Succeeded"]},"type":"Scope"},"Initialize_Theme":{"runAfter":{"ConnectionURI":["Succeeded"]},"type":"InitializeVariable","inputs":{"variables":[{"name":"Theme","type":"String"}]}},"Initialize_ActivityImage":{"runAfter":{"Initialize_MessageCardTitle":["Succeeded"]},"type":"InitializeVariable","inputs":{"variables":[{"name":"ActivityImageUrl","type":"String"}]}},"Initialize_ActivityText":{"runAfter":{"Initialize_ActivityImage":["Succeeded"]},"type":"InitializeVariable","inputs":{"variables":[{"name":"ActivityText","type":"String"}]}},"Initialize_MessageCenterText":{"runAfter":{"Initialize_ActivityText":["Succeeded"]},"type":"InitializeVariable","inputs":{"variables":[{"name":"MessageCenterText","type":"String"}]}},"Initialize_MessageCardTitle":{"runAfter":{"Initialize_Theme":["Succeeded"]},"type":"InitializeVariable","inputs":{"variables":[{"name":"MessageCardTitle","type":"String"}]}},"Initialize_MessageUrl":{"runAfter":{"Initialize_MessageCenterText":["Succeeded"]},"type":"InitializeVariable","inputs":{"variables":[{"name":"MessageUrl","type":"String"}]}},"Initialize_Client-Secret":{"runAfter":{"Initialize_ClientID":["Succeeded"]},"type":"InitializeVariable","inputs":{"variables":[{"name":"Client-Secret","type":"String"}]}},"Initialize_TenantID":{"runAfter":{"Initialize_MessageUrl":["Succeeded"]},"type":"InitializeVariable","inputs":{"variables":[{"name":"Tenant-ID","type":"String"}]}},"Initialize_ClientID":{"runAfter":{"Initialize_TenantID":["Succeeded"]},"type":"InitializeVariable","inputs":{"variables":[{"name":"Client-ID","type":"String"}]}}},"outputs":{},"description":"Gets Message Center and Health from Office 365 Tenant. Post to Teams Channel and Create Task in Planner"},"connectionReferences":{"shared_conversionservice":{"connectionName":"2be96a190df540268c5e51799b53ee92","source":"Embedded","id":"/providers/Microsoft.PowerApps/apis/shared_conversionservice","tier":"NotSpecified"}},"flowFailureAlertSubscribed":false}}