{"name":"729f53ea-9aee-40d7-86c6-e273dcd4d734","id":"/providers/Microsoft.Flow/flows/729f53ea-9aee-40d7-86c6-e273dcd4d734","type":"Microsoft.Flow/flows","properties":{"apiId":"/providers/Microsoft.PowerApps/apis/shared_logicflows","displayName":"Microsoft Teams - Message Center (v1.0) to Text File - Export","definition":{"metadata":{"workflowEntityId":null,"processAdvisorMetadata":null,"flowclientsuspensionreason":"None","flowclientsuspensiontime":null,"creator":{"id":"48acebea-d4a2-4d38-893e-b2e543ebec4b","type":"User","tenantId":"b69556a7-a6a2-43ef-a377-205c1627fc77"},"provisioningMethod":"FromDefinition","failureAlertSubscription":true,"clientLastModifiedTime":"2021-07-14T21:56:46.1951921Z"},"$schema":"https://schema.management.azure.com/providers/Microsoft.Logic/schemas/2016-06-01/workflowdefinition.json#","contentVersion":"1.0.0.0","parameters":{"$connections":{"defaultValue":{},"type":"Object"},"$authentication":{"defaultValue":{},"type":"SecureObject"}},"triggers":{"Recurrence":{"recurrence":{"frequency":"Hour","interval":1,"timeZone":"Eastern Standard Time"},"type":"Recurrence","runtimeConfiguration":{"concurrency":{"runs":1}}}},"actions":{"Get_past_time":{"runAfter":{},"type":"Expression","kind":"GetPastTime","inputs":{"interval":1,"timeUnit":"Week"}},"Initialize_MessageCenterText":{"runAfter":{"Get_past_time":["Succeeded"]},"type":"InitializeVariable","inputs":{"variables":[{"name":"MessageCenterText","type":"array"}]}},"Initialize_Client-Secret":{"runAfter":{"Initialize_ClientID":["Succeeded"]},"type":"InitializeVariable","inputs":{"variables":[{"name":"Client-Secret","type":"String","value":"X7X-?/dJ-Vc2fxqRhVydzOZhHA5P6BW5"}]}},"Initialize_TenantID":{"runAfter":{"Initialize_MessageCenterText":["Succeeded"]},"type":"InitializeVariable","inputs":{"variables":[{"name":"Tenant-ID","type":"String","value":"b69556a7-a6a2-43ef-a377-205c1627fc77"}]}},"Initialize_ClientID":{"runAfter":{"Initialize_TenantID":["Succeeded"]},"type":"InitializeVariable","inputs":{"variables":[{"name":"Client-ID","type":"String","value":"332af3e0-e2c1-44b0-81f6-9c87544e6195"}]}},"Create_file_Teams_Message_Center":{"runAfter":{"Convert_CSV_Table_to_String":["Succeeded"]},"metadata":{"flowSystemMetadata":{"swaggerOperationId":"CreateFile"}},"type":"ApiConnection","inputs":{"host":{"connection":{"name":"@parameters('$connections')['shared_sharepointonline']['connectionId']"},"api":{"runtimeUrl":"https://canada-001.azure-apim.net/apim/sharepointonline"}},"method":"post","body":"@outputs('Compose_Txt')","path":"/datasets/@{encodeURIComponent(encodeURIComponent('https://m365advisor.sharepoint.com/sites/Microsoft365'))}/files","queries":{"folderPath":"/Shared Documents/⚡ Microsoft Teams Message Center","name":"MicrosoftTeams-MessageCenter.txt","queryParametersSingleEncoded":true},"authentication":"@parameters('$authentication')"},"runtimeConfiguration":{"contentTransfer":{"transferMode":"Chunked"}}},"Update_file":{"runAfter":{"Create_file_Teams_Message_Center":["Failed"]},"metadata":{"flowSystemMetadata":{"swaggerOperationId":"UpdateFile"},"%252fShared%2bDocuments%252f%25e2%259a%25a1%2bMicrosoft%2bTeams%2bMessage%2bCenter%252fMicrosoftTeams-MessageCenter.txt":"/Shared Documents/⚡ Microsoft Teams Message Center/MicrosoftTeams-MessageCenter.txt"},"type":"ApiConnection","inputs":{"host":{"connection":{"name":"@parameters('$connections')['shared_sharepointonline']['connectionId']"},"api":{"runtimeUrl":"https://canada-001.azure-apim.net/apim/sharepointonline"}},"method":"put","body":"@outputs('Compose_Txt')","path":"/datasets/@{encodeURIComponent(encodeURIComponent('https://m365advisor.sharepoint.com/sites/Microsoft365'))}/files/@{encodeURIComponent(encodeURIComponent('%252fShared%2bDocuments%252f%25e2%259a%25a1%2bMicrosoft%2bTeams%2bMessage%2bCenter%252fMicrosoftTeams-MessageCenter.txt'))}","authentication":"@parameters('$authentication')"}},"Get_Messages":{"actions":{"HTTPGetMessageTypeMessageCenter":{"runAfter":{},"type":"Http","inputs":{"method":"GET","uri":"https://manage.office.com/api/v1.0/@{variables('Tenant-ID')}/ServiceComms/Messages?$filter=StartTime%20ge%20@{body('Get_past_time')}","authentication":{"type":"ActiveDirectoryOAuth","tenant":"@variables('Tenant-ID')","audience":"https://manage.office.com","clientId":"@variables('Client-ID')","secret":"@variables('Client-Secret')"}}},"ParseJSONMessageCenter":{"runAfter":{"HTTPGetMessageTypeMessageCenter":["Succeeded"]},"type":"ParseJson","inputs":{"content":"@body('HTTPGetMessageTypeMessageCenter')","schema":{"type":"object","properties":{"@@odata.context":{"type":"string"},"value":{"type":"array","items":{"type":"object","properties":{"@@odata.type":{"type":["string","null"]},"AffectedWorkloadDisplayNames":{"type":"array"},"AffectedWorkloadNames":{"type":"array"},"Status":{"type":"string"},"Workload":{},"WorkloadDisplayName":{},"ActionType":{"type":["string","null"]},"AffectedTenantCount":{"type":"integer"},"AffectedUserCount":{},"Classification":{"type":"string"},"EndTime":{"type":["string","null"]},"Feature":{},"FeatureDisplayName":{},"Id":{"type":"string"},"ImpactDescription":{},"LastUpdatedTime":{"type":"string"},"MessageType":{"type":"string"},"Messages":{"type":"array","items":{"type":"object","properties":{"MessageText":{"type":"string"},"PublishedTime":{"type":"string"}},"required":["MessageText","PublishedTime"]}},"PostIncidentDocumentUrl":{},"Severity":{"type":["string","null"]},"StartTime":{"type":["string","null"]},"Title":{"type":["string","null"]},"ActionRequiredByDate":{},"AnnouncementId":{"type":"integer"},"Category":{"type":["string","null"]},"ExternalLink":{"type":["string","null"]},"IsDismissed":{"type":["boolean","null"]},"IsRead":{"type":["boolean","null"]},"IsMajorChange":{"type":["boolean","null"]},"PreviewDuration":{},"AppliesTo":{},"MilestoneDate":{"type":["string","null"]},"Milestone":{"type":["string","null"]},"BlogLink":{"type":["string","null"]},"HelpLink":{"type":["string","null"]},"FlightName":{},"FeatureName":{}},"required":["Id"]}}}}}}},"runAfter":{"Initialize_Client-Secret":["Succeeded"]},"type":"Scope"},"Filter_Workload_-_Microsoft_Teams":{"actions":{"Filter_array_MessageCenter":{"runAfter":{},"type":"Query","inputs":{"from":"@body('ParseJSONMessageCenter')?['value']","where":"@contains(item()?['MessageType'], 'MessageCenter')"}},"Filter_array_Microsoft_Teams":{"runAfter":{"Filter_array_MessageCenter":["Succeeded"]},"type":"Query","inputs":{"from":"@body('Filter_array_MessageCenter')","where":"@contains(item()?['AffectedWorkloadDisplayNames'], 'Microsoft Teams')"}},"Create_CSV_table_Message_Center":{"runAfter":{"Filter_array_Microsoft_Teams":["Succeeded"]},"type":"Table","inputs":{"from":"@body('Filter_array_Microsoft_Teams')","format":"CSV","columns":[{"header":"LastUpdatedTime","value":"@formatDateTime(item()?['LastUpdatedTime'], 'ddd d MMM, yyyy')"},{"header":"MC","value":"@item()?['Id']"},{"header":"Category","value":"@item()?['Category']"},{"header":"Title","value":"@item()?['Title']"}]}}},"runAfter":{"Get_Messages":["Succeeded"]},"type":"Scope"},"Convert_CSV_Table_to_String":{"actions":{"Apply_to_each_Message":{"foreach":"@body('Filter_array_Microsoft_Teams')","actions":{"Compose_Message_Center":{"runAfter":{},"type":"Compose","inputs":" @{formatDateTime(item()?['LastUpdatedTime'], 'ddd d MMM, yyyy')} - @{items('Apply_to_each_Message')?['Id']} - @{items('Apply_to_each_Message')?['Category']} - @{items('Apply_to_each_Message')?['Title']} ### "},"Append_to_array_variable":{"runAfter":{"Compose_Message_Center":["Succeeded"]},"type":"AppendToArrayVariable","inputs":{"name":"MessageCenterText","value":"@outputs('Compose_Message_Center')"}}},"runAfter":{},"type":"Foreach"},"Join_MessageCenterText":{"runAfter":{"Apply_to_each_Message":["Succeeded"]},"type":"Join","inputs":{"from":"@variables('MessageCenterText')","joinWith":"|"}},"Compose_Txt":{"runAfter":{"Join_MessageCenterText":["Succeeded"]},"type":"Compose","inputs":"@body('Join_MessageCenterText')"}},"runAfter":{"Filter_Workload_-_Microsoft_Teams":["Succeeded"]},"type":"Scope"}},"outputs":{},"description":"Gets Message Center and Health from Office 365 Tenant. Post to Teams Channel and Create Task in Planner"},"connectionReferences":{"shared_sharepointonline":{"connectionName":"7b2c952c8ca2452f882bf68735a92532","source":"Embedded","id":"/providers/Microsoft.PowerApps/apis/shared_sharepointonline","tier":"NotSpecified"}},"flowFailureAlertSubscribed":false}}